{
    "model": "STabModel",
    "config": {
        "d_model": 64,
        "depth": 4,
        "n_heads": 4,
        "ff_mult": 4,
        "ff_dropout": 0.2,
        "lr": 0.0003,
        "batch_size": 256,
        "epochs": 40,
        "max_fail": 10,
        "pooling": "mean",
        "verbose": true,
        "log_every": 10,
        "debug_shapes": true,
        "debug_grads": false
    },
    "metrics": {
        "ks": 0.35229287396470055,
        "ks_threshold": 0.5648101568222046,
        "auroc": 0.7223479135243842,
        "precision": 0.4213406292749658,
        "recall": 0.6581196581196581,
        "f1": 0.5137614678899083,
        "confusion_matrix": [
            [
                869,
                423
            ],
            [
                160,
                308
            ]
        ]
    }
}