{
  "train": {
    "ks": 0.5230530802014723,
    "ks_threshold": 0.6417737603187561,
    "auroc": 0.8298521172439913,
    "precision": 0.528483606557377,
    "recall": 0.9992251065478497,
    "f1": 0.6913282401822812,
    "confusion_matrix": [
      [
        280,
        2301
      ],
      [
        2,
        2579
      ]
    ]
  },
  "val": {
    "ks": 0.5186046511627906,
    "ks_threshold": 0.6291490793228149,
    "auroc": 0.8327813833303287,
    "precision": 0.5266393442622951,
    "recall": 0.9961240310077519,
    "f1": 0.6890080428954424,
    "confusion_matrix": [
      [
        135,
        1155
      ],
      [
        5,
        1285
      ]
    ]
  },
  "test": {
    "ks": 0.4862533407425048,
    "ks_threshold": 0.6386758685112,
    "auroc": 0.8119972347913526,
    "precision": 0.2893590541381456,
    "recall": 0.9935897435897436,
    "f1": 0.44819277108433736,
    "confusion_matrix": [
      [
        150,
        1142
      ],
      [
        3,
        465
      ]
    ]
  }
}