{
  "train": {
    "ks": 0.6191398682681132,
    "ks_threshold": 0.5099739749041432,
    "auroc": 0.8854474949640182,
    "precision": 0.7816500711237553,
    "recall": 0.851607903913212,
    "f1": 0.8151307250139069,
    "confusion_matrix": [
      [
        1967,
        614
      ],
      [
        383,
        2198
      ]
    ]
  },
  "val": {
    "ks": 0.5604651162790697,
    "ks_threshold": 0.4920447979858852,
    "auroc": 0.849380746349378,
    "precision": 0.7542613636363636,
    "recall": 0.8232558139534883,
    "f1": 0.787249814677539,
    "confusion_matrix": [
      [
        944,
        346
      ],
      [
        228,
        1062
      ]
    ]
  },
  "test": {
    "ks": 0.515473260829298,
    "ks_threshold": 0.4327650586949577,
    "auroc": 0.8338063295493636,
    "precision": 0.4958904109589041,
    "recall": 0.7735042735042735,
    "f1": 0.6043405676126878,
    "confusion_matrix": [
      [
        924,
        368
      ],
      [
        106,
        362
      ]
    ]
  }
}