{
  "train": {
    "ks": 0.6102285935683843,
    "ks_threshold": 0.5185714364051819,
    "auroc": 0.8813427513461183,
    "precision": 0.7750791974656811,
    "recall": 0.8531576908175126,
    "f1": 0.8122464035411288,
    "confusion_matrix": [
      [
        1942,
        639
      ],
      [
        379,
        2202
      ]
    ]
  },
  "val": {
    "ks": 0.5651162790697675,
    "ks_threshold": 0.48541420698165894,
    "auroc": 0.8490667628147347,
    "precision": 0.7487684729064039,
    "recall": 0.8248062015503876,
    "f1": 0.7849502028771671,
    "confusion_matrix": [
      [
        933,
        357
      ],
      [
        226,
        1064
      ]
    ]
  },
  "test": {
    "ks": 0.5163994072662803,
    "ks_threshold": 0.4577246606349945,
    "auroc": 0.8324237252255828,
    "precision": 0.495225102319236,
    "recall": 0.7756410256410257,
    "f1": 0.604496253122398,
    "confusion_matrix": [
      [
        922,
        370
      ],
      [
        105,
        363
      ]
    ]
  }
}