{
  "config": {
    "d_model": 64,
    "depth": 4,
    "n_heads": 4,
    "ff_mult": 4,
    "ff_dropout": 0.2,
    "lr": 0.0003,
    "batch_size": 256,
    "epochs": 40,
    "max_fail": 10,
    "pooling": "mean",
    "verbose": true,
    "log_every": 10,
    "debug_shapes": true,
    "debug_grads": false
  },
  "metrics_test": {
    "ks": 0.32281495594189097,
    "ks_threshold": 0.6326695084571838,
    "auroc": 0.6986625453150221,
    "precision": 0.38620689655172413,
    "recall": 0.717948717948718,
    "f1": 0.5022421524663677,
    "confusion_matrix": [
      [
        758,
        534
      ],
      [
        132,
        336
      ]
    ]
  }
}