{
  "config": {
    "depth": 3,
    "hidden_dim": 64,
    "grid_size": 24,
    "activation": "tanh",
    "dropout": 0.2,
    "lr": 0.0003,
    "weight_decay": 0.0001,
    "batch_size": 256,
    "epochs": 40,
    "max_fail": 10,
    "verbose": true
  },
  "metrics_test": {
    "ks": 0.5248471858378978,
    "ks_threshold": 0.5945765376091003,
    "auroc": 0.8338575983699823,
    "precision": 0.4701670644391408,
    "recall": 0.8418803418803419,
    "f1": 0.6033690658499234,
    "confusion_matrix": [
      [
        848,
        444
      ],
      [
        74,
        394
      ]
    ]
  }
}