{
  "config": {
    "depth": 2,
    "hidden_dim": 32,
    "grid_size": 12,
    "activation": "relu",
    "dropout": 0.1,
    "lr": 0.001,
    "weight_decay": 0.0,
    "batch_size": 256,
    "epochs": 30,
    "max_fail": 8,
    "verbose": true
  },
  "metrics_test": {
    "ks": 0.5208912174856447,
    "ks_threshold": 0.46663007140159607,
    "auroc": 0.8337616760604378,
    "precision": 0.4884318766066838,
    "recall": 0.811965811965812,
    "f1": 0.6099518459069021,
    "confusion_matrix": [
      [
        894,
        398
      ],
      [
        88,
        380
      ]
    ]
  }
}