{
    "model": "TabKANModel",
    "config": {
        "depth": 2,
        "hidden_dim": 32,
        "grid_size": 12,
        "activation": "relu",
        "dropout": 0.1,
        "lr": 0.001,
        "weight_decay": 0.0,
        "batch_size": 256,
        "epochs": 30,
        "max_fail": 8,
        "verbose": true
    },
    "metrics": {
        "ks": 0.5127146675134291,
        "ks_threshold": 0.4912640154361725,
        "auroc": 0.8341850572887726,
        "precision": 0.48614609571788414,
        "recall": 0.8247863247863247,
        "f1": 0.6117274167987322,
        "confusion_matrix": [
            [
                884,
                408
            ],
            [
                82,
                386
            ]
        ]
    }
}