{
    "grid": 7,
    "lr": 0.02781684376945033,
    "lamb": 0.008478356052830108,
    "width": [
        30,
        14,
        1
    ],
    "k": 3,
    "steps": 100
}