{
  "config": {
    "d_model": 64,
    "depth": 2,
    "n_heads": 4,
    "ff_mult": 4,
    "ff_dropout": 0.1,
    "lr": 0.001,
    "weight_decay": 0.0,
    "pooling": "mean",
    "batch_size": 256,
    "epochs": 30,
    "max_fail": 10,
    "verbose": true,
    "log_every": 10,
    "debug_shapes": true,
    "debug_grads": false
  },
  "metrics_test": {
    "ks": 0.39543145193299994,
    "ks_threshold": 0.4854327440261841,
    "auroc": 0.7583485485962266,
    "precision": 0.4671641791044776,
    "recall": 0.6688034188034188,
    "f1": 0.5500878734622144,
    "confusion_matrix": [
      [
        935,
        357
      ],
      [
        155,
        313
      ]
    ]
  }
}