{
  "config": {
    "d_model": 64,
    "depth": 2,
    "n_heads": 4,
    "ff_mult": 4,
    "ff_dropout": 0.1,
    "lr": 0.001,
    "weight_decay": 0.0,
    "pooling": "mean",
    "batch_size": 256,
    "epochs": 30,
    "max_fail": 10,
    "verbose": true,
    "log_every": 10,
    "debug_shapes": true,
    "debug_grads": false
  },
  "metrics_test": {
    "ks": 0.3765711412770236,
    "ks_threshold": 0.5672496557235718,
    "auroc": 0.7427413273001509,
    "precision": 0.4215189873417722,
    "recall": 0.7115384615384616,
    "f1": 0.5294117647058824,
    "confusion_matrix": [
      [
        835,
        457
      ],
      [
        135,
        333
      ]
    ]
  }
}