{
  "config": {
    "depth": 2,
    "hidden_dim": 64,
    "grid_size": 32,
    "activation": "tanh",
    "dropout": 0.1,
    "lr": 0.0003,
    "weight_decay": 0.0,
    "batch_size": 256,
    "epochs": 50,
    "max_fail": 12,
    "verbose": true
  },
  "metrics_test": {
    "ks": 0.5158106427456273,
    "ks_threshold": 0.4508587121963501,
    "auroc": 0.8324138022280436,
    "precision": 0.489851150202977,
    "recall": 0.7735042735042735,
    "f1": 0.59983429991715,
    "confusion_matrix": [
      [
        915,
        377
      ],
      [
        106,
        362
      ]
    ]
  }
}