{
  "config": {
    "depth": 4,
    "hidden_dim": 128,
    "grid_size": 16,
    "activation": "relu",
    "dropout": 0.3,
    "lr": 0.0005,
    "weight_decay": 0.0001,
    "batch_size": 256,
    "epochs": 40,
    "max_fail": 10,
    "verbose": true
  },
  "metrics_test": {
    "ks": 0.5113188325262628,
    "ks_threshold": 0.6111143827438354,
    "auroc": 0.8337567145616682,
    "precision": 0.44711014176663033,
    "recall": 0.8760683760683761,
    "f1": 0.592057761732852,
    "confusion_matrix": [
      [
        785,
        507
      ],
      [
        58,
        410
      ]
    ]
  }
}